,antecedents,consequents,antecedent support,consequent support,support,confidence,lift,leverage,conviction,zhangs_metric
0,frozenset({'Apple Pencil'}),frozenset({'Dust-Off Compressed Gas 2 pack'}),0.17970937208372217,0.23836821757099053,0.05092654312758299,0.28338278931750743,1.188844688294532,0.008089540423184209,1.0628153651286798,0.19364750349508134
1,frozenset({'Dust-Off Compressed Gas 2 pack'}),frozenset({'Apple Pencil'}),0.23836821757099053,0.17970937208372217,0.05092654312758299,0.21364653243847875,1.188844688294532,0.008089540423184209,1.0431576406218384,0.2085617169622327
2,frozenset({'HP 61 ink'}),frozenset({'Dust-Off Compressed Gas 2 pack'}),0.1638448206905746,0.23836821757099053,0.05265964538061592,0.3213995117982099,1.3483320682317521,0.013604247514365099,1.1223566673923893,0.30896530289330915
3,frozenset({'Dust-Off Compressed Gas 2 pack'}),frozenset({'HP 61 ink'}),0.23836821757099053,0.1638448206905746,0.05265964538061592,0.220917225950783,1.348332068231752,0.013604247514365099,1.0732558941889825,0.3391966356987283
4,frozenset({'VIVO Dual LCD Monitor Desk mount'}),frozenset({'Dust-Off Compressed Gas 2 pack'}),0.17411011865084655,0.23836821757099053,0.05972536995067324,0.3430321592649311,1.4390851379453289,0.01822305130679728,1.1593136455154853,0.36943675775394913
5,frozenset({'Dust-Off Compressed Gas 2 pack'}),frozenset({'VIVO Dual LCD Monitor Desk mount'}),0.23836821757099053,0.17411011865084655,0.05972536995067324,0.2505592841163311,1.4390851379453289,0.01822305130679728,1.1020082894420047,0.4006057612962917
