,PC1,PC2,PC3,PC4,PC5,PC6,PC7
Lat,-0.021745103640540758,0.21593028261524397,0.6691844907225304,-0.026791751825526226,-0.710180164681098,0.00443062964094402,-0.00029350029440082526
Lng,0.007828091560990041,-0.14069228986926335,-0.693148079278028,0.06848290831480035,-0.6981952323678289,0.08673885120088637,0.00014562611929918624
Income,0.02975591041767986,0.018948557123417916,0.06317001212962242,0.9962189080041761,0.026540311809691866,-0.040060193434450546,0.0019410388207860333
Outage_sec_perweek,0.01779133927698446,0.6918698511328538,-0.1360160129026664,0.02095797810016021,0.08525377058706693,0.7033935111739502,-0.0054173579555147735
Tenure,0.7052320072537798,-0.04229963633128471,0.027201762291076778,-0.021693830258787156,-0.008071443948713189,0.03609008811748329,0.7058897618610592
MonthlyCharge,0.04208223329074002,0.6728192051617322,-0.2197335029925797,-0.0282953900876545,-0.0071047295900828755,-0.703325226650154,0.04175056579445524
Bandwidth_GB_Year,0.7064989929774775,-0.007868407028253133,0.01497675405695073,-0.020729023620898304,-0.008906865449111206,-0.010982788848627044,-0.7070666953033967
