age_group,support_count,total_count,percent_support
25 and Under,418,1124,37.1886121
26 to 35,510,1446,35.26970954
36 to 45,527,1406,37.48221906
46 to 55,513,1391,36.87994249
56 to 65,540,1381,39.10209993
66 and Over,1242,3252,38.19188192